<assembly>
    <formats>
        <format>zip</format>
    </formats>
    <fileSets>
        <fileSet>
            <includes>
                <include>pom.xml</include>
            </includes>
        </fileSet>
        <fileSet>
            <fileMode>0775</fileMode>
            <includes>
                <include>rexster.sh</include>
                <include>rexster.bat</include>
                <include>rexster-console.sh</include>
                <include>rexster-console.bat</include>
            </includes>
        </fileSet>
        <!-- PUBLIC -->
        <fileSet>
            <directory>target/classes/public</directory>
            <outputDirectory>/bin/public</outputDirectory>
            <includes>
                <include>*.html</include>
                <include>favicon.ico</include>
                <include>img/**</include>
                <include>css/**</include>
            </includes>
        </fileSet>
        <fileSet>
            <directory>src</directory>
        </fileSet>
        <fileSet>
            <directory>doc</directory>
        </fileSet>
        <fileSet>
            <directory>data</directory>
        </fileSet>
        <fileSet>
            <directory>target/apidocs</directory>
        </fileSet>
        <fileSet>
            <directory>target/site</directory>
        </fileSet>
        <fileSet>
            <directory>target/${project.artifactId}-${project.version}-standalone</directory>
        </fileSet>
    </fileSets>
</assembly>