<assembly>
    <id>standalone</id>
    <formats>
        <format>dir</format>
    </formats>
    <includeBaseDirectory>false</includeBaseDirectory>

    <fileSets>
        <fileSet>
            <directory>src/main/bin</directory>
            <outputDirectory>/bin</outputDirectory>
            <fileMode>0755</fileMode>
        </fileSet>
        <fileSet>
            <directory>src/main/resources/com/tinkerpop/rexster</directory>
            <outputDirectory>/bin</outputDirectory>
        </fileSet>
        <fileSet>
            <directory>target/*.jar</directory>
            <outputDirectory>/lib</outputDirectory>
        </fileSet>
        <fileSet>
            <directory>src/main/ext</directory>
            <outputDirectory>/ext</outputDirectory>
        </fileSet>
        <!-- PUBLIC -->
        <fileSet>
            <directory>target/classes/public</directory>
            <outputDirectory>/bin/public</outputDirectory>
            <includes>
                <include>*.html</include>
                <include>favicon.ico</include>
                <include>img/**</include>
                <include>css/**</include>
                <include>javascript/**</include>
            </includes>
        </fileSet>
        <fileSet>
            <directory>data</directory>
            <outputDirectory>/bin/data</outputDirectory>
        </fileSet>
    </fileSets>

    <dependencySets>
        <dependencySet>
            <outputDirectory>/lib</outputDirectory>
            <unpack>false</unpack>
            <scope>compile</scope>
        </dependencySet>
        <dependencySet>
            <outputDirectory>/lib</outputDirectory>
            <unpack>false</unpack>
            <scope>provided</scope>
        </dependencySet>
    </dependencySets>
</assembly>